,Close,MA_20,StdDev,Upper_Band,Lower_Band,TP,SMA,MAD,CCI,Decision
2023-01-02,88.48200225830078,,,,,88.48200225830078,,,,NEUTRAL
2023-01-03,88.30000305175781,,,,,88.30000305175781,,,,NEUTRAL
2023-01-04,87.21900177001953,,,,,87.21900177001953,,,,NEUTRAL
2023-01-05,87.6050033569336,,,,,87.6050033569336,,,,NEUTRAL
2023-01-06,86.8270034790039,,,,,86.8270034790039,,,,NEUTRAL
2023-01-09,87.5009994506836,,,,,87.5009994506836,,,,NEUTRAL
2023-01-10,88.1240005493164,,,,,88.1240005493164,,,,NEUTRAL
2023-01-11,87.58200073242188,,,,,87.58200073242188,,,,NEUTRAL
2023-01-12,87.80500030517578,,,,,87.80500030517578,,,,NEUTRAL
2023-01-13,88.01100158691406,,,,,88.01100158691406,,,,NEUTRAL
2023-01-16,87.9520034790039,,,,,87.9520034790039,,,,NEUTRAL
2023-01-17,88.35299682617188,,,,,88.35299682617188,,,,NEUTRAL
2023-01-18,88.00399780273438,,,,,88.00399780273438,,,,NEUTRAL
2023-01-19,87.86399841308594,,,,,87.86399841308594,,,,NEUTRAL
2023-01-20,87.93699645996094,,,,,87.93699645996094,,,,NEUTRAL
2023-01-23,87.86199951171875,,,,,87.86199951171875,,,,NEUTRAL
2023-01-24,88.54100036621094,,,,,88.54100036621094,,,,NEUTRAL
2023-01-25,88.76799774169922,,,,,88.76799774169922,,,,NEUTRAL
2023-01-26,88.95500183105469,,,,,88.95500183105469,,,,NEUTRAL
2023-01-27,88.64199829101562,88.01670036315917,0.5287038284304336,89.07410802002003,86.95929270629831,88.64199829101562,88.01670036315917,0.4031398010253895,103.40464627341028,NEUTRAL
2023-01-30,88.51899719238281,88.01855010986328,0.5304791699621707,89.07950844978762,86.95759176993894,88.51899719238281,88.01855010986328,0.40535949707031305,82.30506273015261,NEUTRAL
2023-01-31,88.375,88.0222999572754,0.5328332603849386,89.08796647804527,86.95663343650551,88.375,88.0222999572754,0.4098593139648443,57.369285948829976,NEUTRAL
2023-02-01,88.73600006103516,88.09814987182617,0.5202899016685669,89.1387296751633,87.05757006848903,88.73600006103516,88.09814987182617,0.41296440124511663,102.97097236240009,NEUTRAL
2023-02-02,89.9469985961914,88.21524963378906,0.65067297506782,89.5165955839247,86.91390368365342,89.9469985961914,88.21524963378906,0.48987442016601507,235.6725031441693,SELL
2023-02-03,89.39099884033203,88.34344940185547,0.6143283148007977,89.57210603145707,87.11479277225386,89.39099884033203,88.34344940185547,0.47924957275390623,145.72079601546562,NEUTRAL
2023-02-06,88.69000244140625,88.4028995513916,0.5853598520905015,89.5736192555726,87.2321798472106,88.69000244140625,88.4028995513916,0.4562899398803708,41.94743516076983,NEUTRAL
2023-02-07,88.7040023803711,88.43189964294433,0.5851826132615391,89.6022648694674,87.26153441642126,88.7040023803711,88.43189964294433,0.4574001312255859,39.65932945080635,NEUTRAL
2023-02-08,88.83100128173828,88.49434967041016,0.5556072527935766,89.60556417599732,87.383135164823,88.83100128173828,88.49434967041016,0.42861526489257784,52.36267252598447,NEUTRAL
2023-02-09,88.49800109863281,88.52899971008301,0.5314373384051658,89.59187438689335,87.46612503327268,88.49800109863281,88.52899971008301,0.39150047302246094,-5.278599233164922,NEUTRAL
2023-02-10,88.56300354003906,88.55659980773926,0.5172643702262014,89.59112854819166,87.52207106728686,88.56300354003906,88.55659980773926,0.36610069274902346,1.1661149380728537,NEUTRAL
2023-02-13,88.0260009765625,88.56029968261718,0.5129589479238799,89.58621757846494,87.53438178676943,88.0260009765625,88.56029968261718,0.36240081787109374,-98.2887233705113,NEUTRAL
2023-02-14,88.5469970703125,88.56999969482422,0.5106616679582292,89.59132303074068,87.54867635890776,88.5469970703125,88.56999969482422,0.35340042114257814,-4.33929392563616,NEUTRAL
2023-02-15,88.92900085449219,88.6162498474121,0.49844355652694927,89.61313696046601,87.6193627343582,88.92900085449219,88.6162498474121,0.3430503845214844,60.77843978445177,NEUTRAL
2023-02-16,88.40399932861328,88.64324989318848,0.4693254742414672,89.58190084167141,87.70459894470555,88.40399932861328,88.64324989318848,0.31617549896240293,-50.44678569557151,NEUTRAL
2023-02-17,88.13200378417969,88.65300025939942,0.45570875359006496,89.56441776657955,87.74158275221929,88.13200378417969,88.65300025939942,0.30740016937255915,-112.9898477898584,NEUTRAL
2023-02-20,88.43299865722656,88.68155021667481,0.4200347989839585,89.52161981464272,87.8414806187069,88.43299865722656,88.68155021667481,0.2817052078247073,-58.820722879667805,NEUTRAL
2023-02-21,88.25700378417969,88.66735038757324,0.4297250115046648,89.52680041058257,87.8079003645639,88.25700378417969,88.66735038757324,0.2944850540161127,-92.89585278830414,NEUTRAL
2023-02-22,88.18499755859375,88.63820037841796,0.4421328703478079,89.52246611911357,87.75393463772235,88.18499755859375,88.63820037841796,0.30812011718749943,-98.05760687553048,NEUTRAL
2023-02-23,87.7750015258789,88.57920036315917,0.47513306105370195,89.52946648526658,87.62893424105177,87.7750015258789,88.57920036315917,0.32363998413085826,-165.65708332567127,NEUTRAL
2023-02-24,87.48600006103516,88.52140045166016,0.5337850845786399,89.58897062081743,87.45383028250288,87.48600006103516,88.52140045166016,0.36454010009765625,-189.35281108948467,NEUTRAL
2023-02-27,87.37000274658203,88.46395072937011,0.5926437334713203,89.64923819631275,87.27866326242747,87.37000274658203,88.46395072937011,0.4196498870849609,-173.7874065111811,NEUTRAL
2023-02-28,87.60600280761719,88.42550086975098,0.6228922299167949,89.67128532958456,87.17971640991739,87.60600280761719,88.42550086975098,0.45884952545166013,-119.06562197808837,NEUTRAL
2023-03-01,87.34100341796875,88.35575103759766,0.6630997410546893,89.68195051970703,87.02955155548828,87.34100341796875,88.35575103759766,0.502374267578125,-134.66024371575406,NEUTRAL
2023-03-02,87.85399627685547,88.25110092163087,0.5551187723507767,89.36133846633241,87.14086337692932,87.85399627685547,88.25110092163087,0.44848991394042914,-59.0284021159566,NEUTRAL
2023-03-03,87.21600341796875,88.1423511505127,0.5326453100265018,89.2076417705657,87.07706053045969,87.21600341796875,88.1423511505127,0.44751453399658203,-137.99890464205876,NEUTRAL
2023-03-06,86.81600189208984,88.04865112304688,0.592683283467328,89.23401768998154,86.86328455611222,86.81600189208984,88.04865112304688,0.49478469848632756,-166.08560379602483,BUY
2023-03-07,87.3479995727539,87.98085098266601,0.5913270605959865,89.16350510385799,86.79819686147404,87.3479995727539,87.98085098266601,0.5015647125244144,-84.1169502969904,NEUTRAL
2023-03-08,86.44000244140625,87.86130104064941,0.6492627836584566,89.15982660796632,86.5627754733325,86.44000244140625,87.86130104064941,0.536099624633789,-176.7455815964618,BUY
2023-03-09,86.38300323486328,87.75555114746093,0.7095446176098451,89.17464038268062,86.33646191224125,86.38300323486328,87.75555114746093,0.5793940734863284,-157.92911657273973,NEUTRAL
2023-03-10,86.73500061035156,87.66415100097656,0.7177480139908909,89.09964702895834,86.22865497299478,86.73500061035156,87.66415100097656,0.5900489807128906,-104.980029454776,NEUTRAL
2023-03-13,87.1259994506836,87.61915092468261,0.722067702361961,89.06328632940654,86.17501551995869,87.1259994506836,87.61915092468261,0.5943640518188473,-55.31418805134661,NEUTRAL
2023-03-14,88.13800048828125,87.59870109558105,0.6998569800726545,88.99841505572635,86.19898713543574,88.13800048828125,87.59870109558105,0.5725994110107422,62.78960850346661,NEUTRAL
2023-03-15,88.16899871826172,87.56070098876953,0.64207139405022,88.84484377686996,86.27655820066909,88.16899871826172,87.56070098876953,0.5345993041992188,75.85715441005146,NEUTRAL
2023-03-16,87.66500091552734,87.52375106811523,0.6115243369132003,88.74679974194163,86.30070239428883,87.66500091552734,87.52375106811523,0.4976493835449219,18.922270991401298,NEUTRAL
2023-03-17,87.61599731445312,87.49795074462891,0.5951781311254223,88.68830700687975,86.30759448237806,87.61599731445312,87.49795074462891,0.47184906005859373,16.67857793472585,NEUTRAL
2023-03-20,87.94200134277344,87.47340087890625,0.563882946249451,88.60116677140515,86.34563498640735,87.94200134277344,87.47340087890625,0.4485591125488284,69.6452932300616,NEUTRAL
2023-03-21,88.36799621582031,87.47895050048828,0.5724815281795753,88.62391355684743,86.33398744412914,88.36799621582031,87.47895050048828,0.45355377197265623,130.67847302357347,NEUTRAL
2023-03-22,88.99600219726562,87.51950073242188,0.6487649756214131,88.8170306836647,86.22197078117905,88.99600219726562,87.51950073242188,0.4933990478515625,199.50065047388722,SELL
2023-03-23,89.625,87.61200065612793,0.8011092858908561,89.21421922790964,86.00978208434623,89.625,87.61200065612793,0.5864987564086916,228.81541485251316,SELL
2023-03-24,89.0459976196289,87.69000053405762,0.8618382188242262,89.41367697170607,85.96632409640917,89.0459976196289,87.69000053405762,0.6617988586425781,136.5971012554668,NEUTRAL
2023-03-26,88.5260009765625,87.74780044555663,0.877862798103545,89.50352604176372,85.99207484934955,88.5260009765625,87.74780044555663,0.6933789825439447,74.82204783601583,NEUTRAL
2023-03-27,88.75399780273438,87.8052001953125,0.9052086319452377,89.61561745920297,85.99478293142202,88.75399780273438,87.8052001953125,0.7365989685058594,85.87192832543619,NEUTRAL
2023-03-28,88.98200225830078,87.8872501373291,0.9348062356860808,89.75686260870127,86.01763766595694,88.98200225830078,87.8872501373291,0.7673496246337891,95.11111022733067,NEUTRAL
2023-03-29,89.05500030517578,87.94730033874512,0.970453105478967,89.88820654970306,86.00639412778719,89.05500030517578,87.94730033874512,0.8185993194580078,90.21100149167509,NEUTRAL
2023-03-30,89.44200134277344,88.05860023498535,1.0090482210527978,90.07669667709095,86.04050379287975,89.44200134277344,88.05860023498535,0.8456395339965823,109.06152895115079,NEUTRAL
2023-04-02,89.0260009765625,88.16910018920899,0.9865675928814928,90.14223537497197,86.195965003446,89.0260009765625,88.16910018920899,0.8128997802734375,70.27523016144104,NEUTRAL
2023-04-03,89.59700012207031,88.2815502166748,1.0157908123214614,90.31313184131773,86.24996859203188,89.59700012207031,88.2815502166748,0.8319947433471683,105.4053058158654,NEUTRAL
2023-04-04,89.89600372314453,88.45435028076172,0.9793325650538662,90.41301541086945,86.49568515065398,89.89600372314453,88.45435028076172,0.7947154235839846,120.93666064608708,NEUTRAL
2023-04-05,89.27799987792969,88.59910011291504,0.8642496892717385,90.32759949145851,86.87060073437156,89.27799987792969,88.59910011291504,0.7106904983520508,63.68452151711435,NEUTRAL
2023-04-06,89.30500030517578,88.72760009765625,0.7568913635156324,90.24138282468752,87.21381737062498,89.30500030517578,88.72760009765625,0.6270805358886719,61.38501351093224,NEUTRAL
2023-04-09,89.30599975585938,88.83660011291504,0.6655669388939562,90.16773399070294,87.50546623512713,89.30599975585938,88.83660011291504,0.5514807128906256,56.74415949307903,NEUTRAL
2023-04-10,88.31700134277344,88.84555015563964,0.6568243790720192,90.15919891378368,87.5319013974956,88.31700134277344,88.84555015563964,0.5407406616210949,-65.16356180572285,NEUTRAL
2023-04-11,89.51599884033203,88.91290016174317,0.6528482599094224,90.218596681562,87.60720364192433,89.51599884033203,88.91290016174317,0.5202305221557608,77.28608157395428,NEUTRAL
2023-04-12,90.05999755859375,89.03264999389648,0.6311970924991892,90.29504417889487,87.7702558088981,90.05999755859375,89.03264999389648,0.4766849517822266,143.67946248442504,NEUTRAL
2023-04-13,90.18699645996094,89.16119995117188,0.5878101529020897,90.33682025697605,87.98557964536771,90.18699645996094,89.16119995117188,0.45999984741210936,148.66621000855184,NEUTRAL
2023-04-16,89.90799713134766,89.25949974060059,0.5352273767093477,90.32995449401929,88.18904498718189,89.90799713134766,89.25949974060059,0.4265497970581052,101.35547990249906,NEUTRAL
2023-04-17,89.51100158691406,89.31665000915527,0.494498689843953,90.30564738884317,88.32765262946737,89.51100158691406,89.31665000915527,0.3892146682739252,33.28952608093248,NEUTRAL
2023-04-18,90.02999877929688,89.36834983825683,0.5129196168119973,90.39418907188083,88.34251060463284,90.02999877929688,89.36834983825683,0.40884971618652344,107.8878806963531,NEUTRAL
2023-04-19,90.0979995727539,89.39199981689453,0.5357718059338323,90.4635434287622,88.32045620502686,90.0979995727539,89.39199981689453,0.43249969482421874,108.82470196829786,NEUTRAL
2023-04-20,90.01100158691406,89.44025001525878,0.5463207642021204,90.53289154366303,88.34760848685454,90.01100158691406,89.44025001525878,0.44132465362548884,86.21794514409385,NEUTRAL
2023-04-23,90.08999633789062,89.5184497833252,0.5198621312715256,90.55817404586824,88.47872552078215,90.08999633789062,89.5184497833252,0.42109432220458987,90.48591165563808,NEUTRAL
2023-04-24,90.5199966430664,89.6067497253418,0.5329978651828017,90.6727454557074,88.5407539949762,90.5199966430664,89.6067497253418,0.4339240264892581,140.30826626700812,NEUTRAL
2023-04-25,89.93699645996094,89.65449943542481,0.5166084016978533,90.68771623882051,88.62128263202911,89.93699645996094,89.65449943542481,0.41919898986816406,44.92647984432899,NEUTRAL
2023-04-26,90.22799682617188,89.71314926147461,0.5115253032534669,90.73619986798154,88.69009865496768,90.22799682617188,89.71314926147461,0.41203392028808566,83.30180912246124,NEUTRAL
2023-04-27,90.11900329589844,89.74699935913085,0.5150260240086975,90.77705140714825,88.71694731111346,90.11900329589844,89.74699935913085,0.4119992065429699,60.194927702089366,NEUTRAL
2023-04-30,89.97699737548828,89.79454917907715,0.48815576758167106,90.7708607142405,88.8182376439138,89.97699737548828,89.79454917907715,0.3731842422485343,32.593051144894915,NEUTRAL
2023-05-01,88.85299682617188,89.75734901428223,0.5305133151344238,90.81837564455107,88.69632238401338,88.85299682617188,89.75734901428223,0.4215444564819336,-143.0220346797689,NEUTRAL
2023-05-02,89.9489974975586,89.75999870300294,0.5313739276634689,90.82274655832987,88.697250847676,89.9489974975586,89.75999870300294,0.4233992385864241,29.758956768818095,NEUTRAL
2023-05-03,90.4540023803711,89.818798828125,0.5402229516135387,90.89924473135207,88.73835292489792,90.4540023803711,89.818798828125,0.41047943115234486,103.16449563426852,NEUTRAL
2023-05-04,89.99600219726562,89.8533489227295,0.5275820635920734,90.90851304991364,88.79818479554535,89.99600219726562,89.8533489227295,0.37637462615966655,25.267958149692635,NEUTRAL
2023-05-07,89.97200012207031,89.88664894104004,0.5120044723745556,90.91065788578915,88.86263999629092,89.97200012207031,89.88664894104004,0.3349597167968767,16.987352359156308,NEUTRAL
2023-05-08,89.84500122070312,89.96304893493652,0.3555592173210442,90.67416736957861,89.25193050029443,89.84500122070312,89.96304893493652,0.2222352981567383,-35.41223055398447,NEUTRAL
2023-05-09,89.94000244140625,89.98424911499023,0.33979197850799187,90.66383307200621,89.30466515797426,89.94000244140625,89.98424911499023,0.19662513732910156,-15.002040324046142,NEUTRAL
2023-05-10,89.90399932861328,89.97644920349121,0.33975212432056945,90.65595345213235,89.29694495485008,89.90399932861328,89.97644920349121,0.1969050216674802,-24.52955042805052,NEUTRAL
2023-05-11,89.51300048828125,89.94274940490723,0.3510090454342927,90.64476749577582,89.24073131403864,89.51300048828125,89.94274940490723,0.21309997558593635,-134.44359951844243,NEUTRAL
2023-05-14,89.0979995727539,89.90224952697754,0.39871698218134477,90.69968349134024,89.10481556261485,89.0979995727539,89.90224952697754,0.26912479400634626,-199.22602751214632,BUY
2023-05-15,89.36799621582031,89.89509925842285,0.40729263556903317,90.70968452956092,89.08051398728477,89.36799621582031,89.89509925842285,0.27985019683838175,-125.56790467602552,NEUTRAL
2023-05-16,89.33000183105469,89.86009941101074,0.4247907202435203,90.70968085149778,89.0105179705237,89.33000183105469,89.86009941101074,0.315360031127932,-112.06188221550595,NEUTRAL
2023-05-17,89.27899932861328,89.81914939880372,0.43985875202368446,90.69886690285108,88.93943189475635,89.27899932861328,89.81914939880372,0.347390213012693,-103.6586620189171,NEUTRAL
2023-05-18,89.05599975585938,89.77139930725097,0.46881863867890716,90.70903658460878,88.83376202989317,89.05599975585938,89.77139930725097,0.3902801132202157,-122.20275082065383,NEUTRAL
2023-05-21,89.49800109863281,89.74179954528809,0.4663264610853912,90.67445246745888,88.8091466231173,89.49800109863281,89.74179954528809,0.39394012451171817,-41.25812215032427,NEUTRAL
2023-05-22,89.4469985961914,89.68814964294434,0.43258693279214205,90.55332350852862,88.82297577736006,89.4469985961914,89.68814964294434,0.37513530731201145,-42.85583397998843,NEUTRAL
2023-05-23,89.125,89.64754981994629,0.44590201327948276,90.53935384650526,88.75574579338732,89.125,89.64754981994629,0.39085044860839846,-89.1303944695986,NEUTRAL
2023-05-24,88.83799743652344,89.57804985046387,0.4588082343818518,90.49566631922757,88.66043338170017,88.83799743652344,89.57804985046387,0.3953557205200198,-124.79097945297225,NEUTRAL
2023-05-25,88.6510009765625,89.50464973449706,0.4844221933500022,90.47349412119706,88.53580534779707,88.6510009765625,89.50464973449706,0.4008155441284174,-141.9853047849967,NEUTRAL
2023-05-28,87.76010131835938,89.39380493164063,0.6084163153407334,90.6106375623221,88.17697230095916,87.76010131835938,89.39380493164063,0.45799560546875,-237.80484554492472,BUY
2023-05-29,88.3740005493164,89.36985511779785,0.6394608560625176,90.6487768299229,88.09093340567281,88.3740005493164,89.36985511779785,0.48194541931152346,-137.75482016256288,NEUTRAL
2023-05-30,88.66600036621094,89.30570526123047,0.6426505588753008,90.59100637898108,88.02040414347987,88.66600036621094,89.30570526123047,0.4904248046874997,-86.95929038189061,NEUTRAL
2023-05-31,88.322998046875,89.19915504455567,0.6184472618234861,90.43604956820263,87.9622605209087,88.322998046875,89.19915504455567,0.4901297378540036,-119.17348000101019,NEUTRAL
2023-06-01,88.44999694824219,89.12185478210449,0.6101694826880327,90.34219374748056,87.90151581672842,88.44999694824219,89.12185478210449,0.48805980682373046,-91.77260989586814,NEUTRAL
2023-06-04,88.13500213623047,89.0300048828125,0.613713121738043,90.2574311262886,87.80257863933642,88.13500213623047,89.0300048828125,0.5042941284179676,-118.3175579682397,NEUTRAL
2023-06-05,88.2979965209961,88.95265464782715,0.6029832918180847,90.15862123146331,87.74668806419098,88.2979965209961,88.95265464782715,0.5078797531127932,-85.93348101509653,NEUTRAL
2023-06-06,88.19000244140625,88.86515464782715,0.5786484195950292,90.02245148701721,87.7078578086371,88.19000244140625,88.86515464782715,0.4966449737548828,-90.62841561533959,NEUTRAL
2023-06-07,88.37899780273438,88.78890457153321,0.5332479723865409,89.85540051630629,87.72240862676013,88.37899780273438,88.78890457153321,0.46629486083984373,-58.60480184298703,NEUTRAL
2023-06-08,88.9000015258789,88.75825462341308,0.5063779455604855,89.77101051453405,87.7454987322921,88.9000015258789,88.75825462341308,0.43564491271972655,21.69150430043306,NEUTRAL
2023-06-11,88.54000091552734,88.73035469055176,0.502027142093931,89.73440897473962,87.7263004063639,88.54000091552734,88.73035469055176,0.4267803573608404,-29.734854122082083,NEUTRAL
2023-06-12,88.62300109863281,88.69310493469239,0.4793515888704773,89.65180811243334,87.73440175695143,88.62300109863281,88.69310493469239,0.39281600952148493,-11.897654263968052,NEUTRAL
2023-06-13,88.65299987792969,88.65925483703613,0.45530990868889837,89.56987465441392,87.74863501965834,88.65299987792969,88.65925483703613,0.3534959411621088,-1.1796380812519758,NEUTRAL
2023-06-14,88.88099670410156,88.63935470581055,0.4350439217008993,89.50944254921235,87.76926686240874,88.88099670410156,88.63935470581055,0.33214492797851564,48.501317333909114,NEUTRAL
2023-06-15,89.58699798583984,88.66590461730956,0.476077050089223,89.61805871748801,87.71375051713112,89.58699798583984,88.66590461730956,0.36147567749023324,169.8765045411511,NEUTRAL
2023-06-18,89.55899810791016,88.66895446777343,0.48184858900396116,89.63265164578135,87.70525728976551,89.55899810791016,88.66895446777343,0.3654309082031233,162.37335524667722,NEUTRAL
2023-06-19,89.40399932861328,88.66680450439453,0.47827700774473203,89.623358519884,87.71025048890507,89.40399932861328,88.66680450439453,0.36263595581054775,135.52523081924812,NEUTRAL
2023-06-20,89.45500183105469,88.68330459594726,0.5001102972947157,89.6835251905367,87.68308400135783,89.45500183105469,88.68330459594726,0.38408607482910073,133.94519018526282,NEUTRAL
2023-06-21,89.98899841308594,88.7408546447754,0.5788719605055072,89.89859856578641,87.58311072376438,89.98899841308594,88.7408546447754,0.45890113830566576,181.32355230422567,SELL
2023-06-22,89.7229995727539,88.79445457458496,0.6183951264055744,90.03124482739611,87.55766432177381,89.7229995727539,88.79445457458496,0.5142356872558593,120.37865401420436,NEUTRAL
2023-06-25,89.2249984741211,88.86769943237304,0.5746405431039207,90.01698051858088,87.71841834616521,89.2249984741211,88.86769943237304,0.491369705200195,48.47660705258961,NEUTRAL
2023-06-26,89.38099670410156,88.91804924011231,0.5732206684965792,90.06449057710547,87.77160790311915,89.38099670410156,88.91804924011231,0.4978596496582043,61.99169642918167,NEUTRAL
2023-06-27,89.77899932861328,88.97369918823242,0.6008250838630234,90.17534935595846,87.77204902050637,89.77899932861328,88.97369918823242,0.5338697052001947,100.56138324098977,NEUTRAL
2023-06-28,89.4800033569336,89.03154945373535,0.5904870299429643,90.21252351362128,87.85057539384943,89.4800033569336,89.03154945373535,0.5266498565673828,56.76812878056412,NEUTRAL
2023-06-29,89.10299682617188,89.06419944763184,0.5744748030038694,90.21314905363957,87.9152498416241,89.10299682617188,89.06419944763184,0.4978796005249023,5.195014818728053,NEUTRAL
2023-07-02,88.01300048828125,89.05809936523437,0.585404586812423,90.22890853885922,87.88729019160952,88.01300048828125,89.05809936523437,0.5045896911621099,-138.07903665863302,NEUTRAL
2023-07-03,89.35199737548828,89.11079940795898,0.560279342523283,90.23135809300554,87.99024072291242,89.35199737548828,89.11079940795898,0.47151969909668023,34.10221149351492,NEUTRAL
2023-07-04,89.1240005493164,89.15749931335449,0.5167222344919972,90.1909437823385,88.12405484437049,89.1240005493164,89.15749931335449,0.4201498031616211,-5.315368278331242,NEUTRAL
2023-07-05,89.35900115966797,89.20649948120118,0.4844722330753663,90.17544394735191,88.23755501505045,89.35900115966797,89.20649948120118,0.381499786376952,26.64950001939756,NEUTRAL
2023-07-06,90.06900024414062,89.26494941711425,0.5150979578318966,90.29514533277805,88.23475350145046,90.06900024414062,89.26494941711425,0.3957600402832043,135.4441656870322,NEUTRAL
2023-07-09,89.14900207519531,89.29539947509765,0.4872339518358695,90.26986737876939,88.32093157142592,89.14900207519531,89.29539947509765,0.35921997070312556,-27.169499070590344,NEUTRAL
2023-07-10,90.74700164794922,89.40159950256347,0.5591347604953929,90.51986902355425,88.28332998157269,90.74700164794922,89.40159950256347,0.37760047912597655,237.53538810824963,SELL
2023-07-11,90.67500305175781,89.50269966125488,0.5980992826772193,90.69889822660932,88.30650109590044,90.67500305175781,89.50269966125488,0.4106401062011713,190.32130127244557,NEUTRAL
2023-07-12,91.23899841308594,89.6205997467041,0.6938429396271905,91.00828562595848,88.23291386744972,91.23899841308594,89.6205997467041,0.48768024444580077,221.2376770522363,SELL
2023-07-13,92.00499725341797,89.741499710083,0.8747579767939845,91.49101566367098,87.99198375649503,92.00499725341797,89.741499710083,0.6312500381469718,239.04923105477488,SELL
2023-07-16,92.08399963378906,89.86774978637695,1.0175834703590723,91.90291672709509,87.8325828456588,92.08399963378906,89.86774978637695,0.7733750152587874,191.04572414720963,SELL
2023-07-17,92.13300323486328,90.00419998168945,1.128995404554519,92.26219079079848,87.74620917258042,92.13300323486328,90.00419998168945,0.8922603607177735,159.05695593614442,NEUTRAL
2023-07-18,92.06400299072266,90.13465003967285,1.2100197327969824,92.55468950526681,87.71461057407889,92.06400299072266,90.13465003967285,1.0004455947875968,128.5662416228591,NEUTRAL
2023-07-19,91.8550033569336,90.22795028686524,1.2687148437185332,92.7653799743023,87.69052059942817,91.8550033569336,90.22795028686524,1.0978407287597662,98.8032251215191,NEUTRAL
2023-07-20,91.31500244140625,90.30755043029785,1.2852010542095222,92.8779525387169,87.7371483218788,91.31500244140625,90.30755043029785,1.1349058151245117,59.17977202351192,NEUTRAL
2023-07-23,90.22209930419922,90.35740547180175,1.2600911808893338,92.87758783358042,87.83722311002309,90.22209930419922,90.35740547180175,1.0900362777709958,-8.275331158654796,NEUTRAL
2023-07-24,90.43099975585938,90.40990562438965,1.238965668262201,92.88783696091406,87.93197428786524,90.43099975585938,90.40990562438965,1.044895553588867,1.3458526323371065,NEUTRAL
2023-07-25,90.37000274658203,90.43945579528808,1.230142650031849,92.89974109535179,87.97917049522438,90.37000274658203,90.43945579528808,1.0161909866333005,-4.556430147457077,NEUTRAL
2023-07-26,90.70999908447266,90.50095558166504,1.2102363419573217,92.92142826557968,88.0804828977504,90.70999908447266,90.50095558166504,0.9817455291748047,14.195362348348821,NEUTRAL
2023-07-27,90.12899780273438,90.55225563049316,1.1688995740831205,92.8900547786594,88.21445648232692,90.12899780273438,90.55225563049316,0.9304454803466797,-30.326536173553137,NEUTRAL
2023-07-30,89.38999938964844,90.62110557556153,1.0455020114999143,92.71210959856136,88.5301015525617,89.38999938964844,90.62110557556153,0.8615955352783203,-95.25785866685955,NEUTRAL
2023-07-31,90.3550033569336,90.67125587463379,1.0046808443816713,92.68061756339713,88.66189418587044,90.3550033569336,90.67125587463379,0.8114452362060547,-25.982654453170003,NEUTRAL
2023-08-01,90.5260009765625,90.7413558959961,0.9377214283366498,92.6167987526694,88.86591303932279,90.5260009765625,90.7413558959961,0.7511161804199219,-19.114212958213432,NEUTRAL
2023-08-02,90.39299774169922,90.79305572509766,0.8844891301616047,92.56203398542087,89.02407746477445,90.39299774169922,90.79305572509766,0.7143617248535165,-37.33477214506645,NEUTRAL
2023-08-03,90.57499694824219,90.81835556030273,0.8698030951869252,92.55796175067658,89.07874936992889,90.57499694824219,90.81835556030273,0.696651840209961,-23.28840108398116,NEUTRAL
2023-08-06,89.61599731445312,90.84170532226562,0.8278892351855496,92.49748379263673,89.18592685189452,89.61599731445312,90.84170532226562,0.6803070068359375,-120.11322295142269,NEUTRAL
2023-08-07,90.96600341796875,90.8526554107666,0.8280190142391213,92.50869343924484,89.19661738228837,90.96600341796875,90.8526554107666,0.6839767456054687,11.04793965880723,NEUTRAL
2023-08-08,90.66699981689453,90.85225524902344,0.8281113167981828,92.50847788261981,89.19603261542707,90.66699981689453,90.85225524902344,0.6842968750000011,-18.048251560300407,NEUTRAL
2023-08-09,90.88500213623047,90.83455543518066,0.8231785354295379,92.48091250603974,89.18819836432158,90.88500213623047,90.83455543518066,0.6630570983886713,5.07213241739418,NEUTRAL
2023-08-10,90.875,90.77805557250977,0.7760457171135218,92.33014700673681,89.22596413828273,90.875,90.77805557250977,0.5952572631835948,10.857426246453956,NEUTRAL
2023-08-13,90.08609771728516,90.67816047668457,0.7260718872910129,92.1303042512666,89.22601670210254,90.08609771728516,90.67816047668457,0.5377732849121089,-73.3968230368274,NEUTRAL
2023-08-14,90.64600372314453,90.60381050109864,0.640326214278515,91.88446292965567,89.3231580725416,90.64600372314453,90.60381050109864,0.4548722457885745,6.1838933805466905,NEUTRAL
2023-08-15,90.64299774169922,90.53276023864746,0.5408933298056485,91.61454689825875,89.45097357903616,90.64299774169922,90.53276023864746,0.3809406280517578,19.29215822345693,NEUTRAL
2023-08-16,90.49099731445312,90.46455993652344,0.4424297710622995,91.34941947864804,89.57970039439884,90.49099731445312,90.46455993652344,0.31888442993164007,5.5270552480615525,NEUTRAL
2023-08-17,90.30599975585938,90.41410980224609,0.3953760701389087,91.2048619425239,89.62335766196827,90.30599975585938,90.41410980224609,0.28597930908203184,-25.202300295485646,NEUTRAL
2023-08-20,90.30500030517578,90.41825485229492,0.3936880759743848,91.20563100424368,89.63087870034616,90.30500030517578,90.41825485229492,0.2814197540283203,-26.82932890530573,NEUTRAL
2023-08-21,90.4800033569336,90.42070503234864,0.3939239907804942,91.20855301390962,89.63285705078765,90.4800033569336,90.42070503234864,0.28362491607665985,13.938202939577799,NEUTRAL
2023-08-22,90.03199768066406,90.40380477905273,0.403351512623556,91.21050780429985,89.59710175380562,90.03199768066406,90.40380477905273,0.3022151947021484,-82.01817885764272,NEUTRAL
2023-08-23,89.59700012207031,90.34815483093261,0.4344625766283191,91.21707998418925,89.47922967767597,89.59700012207031,90.34815483093261,0.3324148559570318,-150.64603670208143,NEUTRAL
2023-08-24,89.16200256347656,90.29980506896973,0.5077592823927913,91.31532363375531,89.28428650418415,89.16200256347656,90.29980506896973,0.39157356262206805,-193.71455993678063,BUY
2023-08-27,89.0260009765625,90.28160514831544,0.547086832217819,91.37577881275108,89.18743148387979,89.0260009765625,90.28160514831544,0.41705345153808365,-200.71035133463042,BUY
2023-08-28,89.43699645996094,90.2357048034668,0.5782284989976022,91.39216180146201,89.0792478054716,89.43699645996094,90.2357048034668,0.46938407897949047,-113.44062418171116,NEUTRAL
2023-08-29,89.59500122070312,90.18915481567383,0.5909629487713001,91.37108071321643,89.00722891813123,89.59500122070312,90.18915481567383,0.4962144470214838,-79.82484166366642,NEUTRAL
2023-08-30,90.31999969482422,90.18550491333008,0.5898621131361677,91.36522913960242,89.00578068705774,90.31999969482422,90.18550491333008,0.49329452514648436,18.176400323140587,NEUTRAL
2023-08-31,89.55400085449219,90.13445510864258,0.5984972680609413,91.33144964476446,88.9374605725207,89.55400085449219,90.13445510864258,0.5105001068115229,-75.80204148905308,NEUTRAL
2023-09-03,88.75070190429688,90.09119033813477,0.6654764125082046,91.42214316315118,88.76023751311835,88.75070190429688,90.09119033813477,0.5580913543701171,-160.12771903634743,BUY
2023-09-04,89.22200012207031,90.00399017333984,0.6590437485973251,91.3220776705345,88.68590267614519,89.22200012207031,90.00399017333984,0.5688217163085938,-91.65028090515573,NEUTRAL
2023-09-05,89.03700256347656,89.92249031066895,0.673368331466357,91.26922697360166,88.57575364773624,89.03700256347656,89.92249031066895,0.592170600891113,-99.68836073702207,NEUTRAL
2023-09-06,89.17900085449219,89.83719024658203,0.6527633094472217,91.14271686547647,88.53166362768758,89.17900085449219,89.83719024658203,0.581219482421875,-75.49522019315185,NEUTRAL
2023-09-07,88.85800170898438,89.73634033203125,0.6396646254349648,91.01566958290118,88.45701108116131,88.85800170898438,89.73634033203125,0.568203430175781,-103.05447854302778,NEUTRAL
2023-09-10,87.8093032836914,89.62250061035157,0.7645500135138465,91.15160063737926,88.09340058332387,87.8093032836914,89.62250061035157,0.6242994689941412,-193.62473905688736,BUY
2023-09-11,89.09100341796875,89.54475059509278,0.7334212219123003,91.01159303891738,88.07790815126818,89.09100341796875,89.54475059509278,0.5875492095947266,-51.484728962760414,NEUTRAL
2023-09-12,89.00700378417969,89.4629508972168,0.6946952422481105,90.85234138171302,88.07356041272058,89.00700378417969,89.4629508972168,0.5513442230224612,-55.13157285994784,NEUTRAL
2023-09-13,88.97100067138672,89.38695106506347,0.6585088502540777,90.70396876557163,88.06993336455531,88.97100067138672,89.38695106506347,0.5143439865112299,-53.913386706838395,NEUTRAL
2023-09-14,88.22799682617188,89.28305091857911,0.6697078638205005,90.6224666462201,87.94363519093811,88.22799682617188,89.28305091857911,0.5055592346191418,-139.12699972101814,NEUTRAL
2023-09-17,88.50399780273438,89.19300079345703,0.6457157001200544,90.48443219369715,87.90156939321692,88.50399780273438,89.19300079345703,0.46929931640625,-97.87683703992717,NEUTRAL
2023-09-18,88.96299743652344,89.11715049743653,0.5714011928181638,90.25995288307286,87.9743481118002,88.96299743652344,89.11715049743653,0.4043645095825198,-25.41486822903785,NEUTRAL
2023-09-19,88.79100036621094,89.05510063171387,0.5329121564149248,90.12092494454372,87.98927631888402,88.79100036621094,89.05510063171387,0.3661099624633792,-48.09124627036968,NEUTRAL
2023-09-20,88.41799926757812,88.99615058898925,0.5350185880898513,90.06618776516895,87.92611341280956,88.41799926757812,88.99615058898925,0.3672356033325201,-104.95556824458723,NEUTRAL
2023-09-21,88.2770004272461,88.95190048217773,0.556736805485823,90.06537409314939,87.83842687120608,88.2770004272461,88.95190048217773,0.39792022705078123,-113.07124880007875,NEUTRAL
2023-09-24,88.375,88.9193504333496,0.5710237671596653,90.06139796766894,87.77730289903027,88.375,88.9193504333496,0.42631523132324245,-85.12487057366666,NEUTRAL
2023-09-25,87.86199951171875,88.8406005859375,0.6035551474311183,90.04771088079973,87.63349029107526,87.86199951171875,88.8406005859375,0.4550405883789068,-143.3719832487961,NEUTRAL
2023-09-26,87.95600128173828,88.75865058898925,0.6069933267247745,89.97263724243881,87.5446639355397,87.95600128173828,88.75865058898925,0.46478549957275417,-115.12827716423955,NEUTRAL
2023-09-27,87.39299774169922,88.612300491333,0.5619143370947122,89.73612916552243,87.48847181714358,87.39299774169922,88.612300491333,0.4688408279418951,-173.37835173702,BUY
2023-09-28,87.7979965209961,88.52450027465821,0.5439292012554002,89.61235867716901,87.4366418721474,87.7979965209961,88.52450027465821,0.46247100830078125,-104.72782662729459,NEUTRAL
2023-10-01,87.10299682617188,88.44211502075196,0.6263964953845776,89.69490801152111,87.1893220299828,87.10299682617188,88.44211502075196,0.5201858520507813,-171.62048132101762,BUY
2023-10-02,87.11699676513672,88.33686485290528,0.6641672460046467,89.66519934491457,87.00853036089599,87.11699676513672,88.33686485290528,0.5488494491577143,-148.17276269362117,NEUTRAL
2023-10-03,87.05500030517578,88.23776473999024,0.7010447744544716,89.63985428889919,86.8356751910813,87.05500030517578,88.23776473999024,0.5818593597412104,-135.51550043988968,NEUTRAL
2023-10-04,87.41799926757812,88.14971466064453,0.6870549436800533,89.52382454800464,86.77560477328443,87.41799926757812,88.14971466064453,0.5836140441894528,-83.58439398451483,NEUTRAL
2023-10-05,87.83000183105469,88.09831466674805,0.6695069662848869,89.43732859931782,86.75930073417828,87.83000183105469,88.09831466674805,0.5641853332519531,-31.70504677329052,NEUTRAL
2023-10-08,87.93000030517578,88.10434951782227,0.6673050961813056,89.43895971018489,86.76973932545965,87.93000030517578,88.10434951782227,0.5581504821777343,-20.824636391513653,NEUTRAL
2023-10-09,88.01300048828125,88.05044937133789,0.6256524992738296,89.30175436988554,86.79914437279024,88.01300048828125,88.05044937133789,0.5079952239990234,-4.914597787204475,NEUTRAL
2023-10-10,88.197998046875,88.00999908447265,0.5854116725087402,89.18082242949014,86.83917573945517,88.197998046875,88.00999908447265,0.463800048828125,27.022990169630226,NEUTRAL
2023-10-11,88.31900024414062,87.97739906311035,0.5459001325020026,89.06919932811437,86.88559879810634,88.31900024414062,87.97739906311035,0.4312000274658203,52.81403204569572,NEUTRAL
2023-10-12,87.64600372314453,87.94829940795898,0.5473486319257755,89.04299667181054,86.85360214410743,87.64600372314453,87.94829940795898,0.43310012817382815,-46.53207039968432,NEUTRAL
2023-10-15,86.55819702148438,87.85100936889648,0.6124367583875123,89.0758828856715,86.62613585212146,86.55819702148438,87.85100936889648,0.4740894317626953,-181.7958470557407,BUY
2023-10-16,87.7490005493164,87.79030952453613,0.55377630825374,88.8978621410436,86.68275690802865,87.7490005493164,87.79030952453613,0.42832839965820424,-6.429486542363982,NEUTRAL
2023-10-17,87.947998046875,87.74815940856934,0.503390956990941,88.75494132255122,86.74137749458745,87.947998046875,87.74815940856934,0.39469242095947266,33.754324075080845,NEUTRAL
2023-10-18,87.64199829101562,87.70935935974121,0.4783261674239265,88.66601169458907,86.75270702489335,87.64199829101562,87.70935935974121,0.37426849365234316,-11.998706787247459,NEUTRAL
2023-10-19,87.9010009765625,87.69055938720703,0.4619503205711967,88.61446002834943,86.76665874606464,87.9010009765625,87.69055938720703,0.359228515625,39.05435866068596,NEUTRAL
2023-10-22,88.04199981689453,87.67390937805176,0.44153266803630165,88.55697471412437,86.79084404197916,88.04199981689453,87.67390937805176,0.3459085083007807,70.94177217572262,NEUTRAL
2023-10-23,88.48400115966797,87.70500946044922,0.47603611847038374,88.65708169738998,86.75293722350845,88.48400115966797,87.70500946044922,0.37078857421875,140.06035665294925,NEUTRAL
2023-10-24,87.85800170898438,87.70010948181152,0.4738158021860763,88.64774108618367,86.75247787743938,87.85800170898438,87.70010948181152,0.36686859130859373,28.691876948757304,NEUTRAL
2023-10-25,87.94200134277344,87.72755966186523,0.47098165554893784,88.66952297296311,86.78559635076735,87.94200134277344,87.72755966186523,0.35537254333496265,40.22852167020737,NEUTRAL
2023-10-26,87.9000015258789,87.73265991210937,0.4723349208536136,88.6773297538166,86.78799007040215,87.9000015258789,87.73265991210937,0.35894271850586107,31.080467744475587,NEUTRAL
2023-10-30,86.85800170898438,87.72041015625,0.4922801679738659,88.70497049219773,86.73584982030226,86.85800170898438,87.72041015625,0.3748674011230477,-153.3712889201129,NEUTRAL
2023-10-31,88.28600311279297,87.77886047363282,0.4862268471933748,88.75131416801956,86.80640677924607,88.28600311279297,87.77886047363282,0.3525822448730452,95.89112829410118,NEUTRAL
2023-11-01,87.98300170898438,87.82526054382325,0.45690924826890483,88.73907904036106,86.91144204728543,87.98300170898438,87.82526054382325,0.3080362701415993,34.13908911627324,NEUTRAL
2023-11-02,88.0469970703125,87.85671043395996,0.44898004821326193,88.75467053038649,86.95875033753343,88.0469970703125,87.85671043395996,0.2857059478759766,44.40151089309056,NEUTRAL
2023-11-03,88.29399871826172,87.87991027832031,0.4593944314174393,88.79869914115518,86.96112141548544,88.29399871826172,87.87991027832031,0.2968258666992199,93.00367351093291,NEUTRAL
2023-11-06,89.10900115966797,87.93886032104493,0.5355014797663384,89.0098632805776,86.86785736151225,89.10900115966797,87.93886032104493,0.339867706298827,229.528689533529,SELL
2023-11-07,89.12200164794922,87.99431037902832,0.5974202134894933,89.1891508060073,86.79946995204934,89.12200164794922,87.99431037902832,0.3952207565307617,190.22132994224043,NEUTRAL
2023-11-08,88.94999694824219,88.03191032409669,0.6334899306885138,89.29889018547371,86.76493046271966,88.94999694824219,88.03191032409669,0.4365806961059576,140.19349799235948,NEUTRAL
2023-11-09,89.05000305175781,88.06846046447754,0.6709088210887638,89.41027810665507,86.72664282230001,89.05000305175781,88.06846046447754,0.48157825469970705,135.87858639122928,NEUTRAL
2023-11-10,88.73799896240234,88.12306022644043,0.6791032670816091,89.48126676060365,86.76485369227721,88.73799896240234,88.12306022644043,0.504852294921875,81.20378206290677,NEUTRAL
2023-11-13,87.9352035522461,88.19191055297851,0.5737287838243883,89.33936812062728,87.04445298532974,87.9352035522461,88.19191055297851,0.44977203369140567,-38.0499425639477,NEUTRAL
2023-11-14,88.94000244140625,88.251460647583,0.5869940175980963,89.42544868277919,87.07747261238681,88.94000244140625,88.251460647583,0.4709861373901362,97.46101341590045,NEUTRAL
2023-11-15,90.16600036621094,88.3623607635498,0.720893948948107,89.80414866144602,86.92057286565358,90.16600036621094,88.3623607635498,0.5660119628906244,212.43833710391846,SELL
2023-11-16,90.1259994506836,88.4865608215332,0.799903279213318,90.08636737995984,86.88675426310657,90.1259994506836,88.4865608215332,0.6308517456054688,173.25133737266236,SELL
2023-11-17,90.13099670410156,88.59806060791016,0.8666239656342999,90.33130853917875,86.86481267664156,90.13099670410156,88.59806060791016,0.6949455261230468,147.0557560334578,NEUTRAL
2023-11-20,89.47319793701172,88.66962051391602,0.8773149886519385,90.4242504912199,86.91499053661214,89.47319793701172,88.66962051391602,0.7108993530273438,75.35782383011909,NEUTRAL
2023-11-21,91.11799621582031,88.80132026672364,1.0320430104298806,90.8654062875834,86.73723424586387,91.11799621582031,88.80132026672364,0.8171993255615234,188.99313599774172,SELL
2023-11-22,90.82599639892578,88.9497200012207,1.1003864547733486,91.1504929107674,86.748947091674,90.82599639892578,88.9497200012207,0.8573989868164062,145.88901445380787,NEUTRAL
2023-11-23,90.88300323486328,89.09677009582519,1.1538441290235923,91.40445835387237,86.78908183777801,90.88300323486328,89.09677009582519,0.9083262252807615,131.10070584210854,NEUTRAL
2023-11-24,90.8030014038086,89.24192008972167,1.1777178881953527,91.59735586611238,86.88648431333097,90.8030014038086,89.24192008972167,0.9590830993652333,108.51206498652151,NEUTRAL
2023-11-27,91.0979995727539,89.45391998291015,1.1054042881847992,91.66472855927975,87.24311140654055,91.0979995727539,89.45391998291015,0.9538911437988276,114.90336890337994,NEUTRAL
2023-11-28,91.19599914550781,89.5994197845459,1.1347121200908863,91.86884402472768,87.32999554436412,91.19599914550781,89.5994197845459,0.9952214431762698,106.94968923139994,NEUTRAL
2023-11-29,91.56300354003906,89.77841987609864,1.1485893734778707,92.07559862305438,87.4812411291429,91.56300354003906,89.77841987609864,1.0125797271728516,117.49419929121875,NEUTRAL
2023-11-30,91.21399688720703,89.93676986694337,1.1151458592082342,92.16706158535983,87.7064781485269,91.21399688720703,89.93676986694337,0.9819524383544916,86.71343406434778,NEUTRAL
2023-12-01,90.6510009765625,90.0546199798584,1.0553400925419314,92.16530016494227,87.94393979477454,90.6510009765625,90.0546199798584,0.9119554138183588,43.5972334953709,NEUTRAL
2023-12-04,89.74700164794922,90.08652000427246,1.0346927680661095,92.15590554040467,88.01713446814024,89.74700164794922,90.08652000427246,0.873675384521485,-25.90728489004298,NEUTRAL
2023-12-05,90.302001953125,90.14552001953125,1.0101513731292717,92.16582276578978,88.12521727327271,90.302001953125,90.14552001953125,0.8219279479980471,12.692266921522148,NEUTRAL
2023-12-06,89.86199951171875,90.19112014770508,0.9732536632251069,92.1376274741553,88.24461282125486,89.86199951171875,90.19112014770508,0.77427978515625,-28.337787132068932,NEUTRAL
2023-12-07,89.66699981689453,90.22196998596192,0.9445341600558889,92.1110383060737,88.33290166585014,89.66699981689453,90.22196998596192,0.7434299468994141,-49.766640993499095,NEUTRAL
2023-12-08,89.87200164794922,90.27867012023925,0.882781505572702,92.04423313138466,88.51310710909385,89.87200164794922,90.27867012023925,0.6867298126220703,-39.478745479952835,NEUTRAL
2023-12-11,88.90950012207031,90.32738494873047,0.7657843857368457,91.85895372020416,88.79581617725678,88.90950012207031,90.32738494873047,0.6405532836914063,-147.5687620644778,NEUTRAL
2023-12-12,89.62999725341797,90.36188468933105,0.7137670089131175,91.78941870715728,88.93435067150482,89.62999725341797,90.36188468933105,0.6095035171508784,-80.05285343654619,NEUTRAL
2023-12-13,89.96800231933594,90.3519847869873,0.7179875387154669,91.78795986441824,88.91600970955636,89.96800231933594,90.3519847869873,0.6184134292602537,-41.39436494349573,NEUTRAL
2023-12-14,90.55699920654297,90.37353477478027,0.7173155185458435,91.80816581187196,88.93890373768858,90.55699920654297,90.37353477478027,0.6173648834228516,19.81156111390944,NEUTRAL
2023-12-15,91.48699951171875,90.44133491516114,0.7562139537734217,91.95376282270797,88.9289070076143,91.48699951171875,90.44133491516114,0.6541312026977536,106.5703223089504,NEUTRAL
2023-12-18,90.04139709472656,90.46974487304688,0.7280778541136262,91.92590058127413,89.01358916481962,90.04139709472656,90.46974487304688,0.6228802490234372,-45.84592078406582,NEUTRAL
2023-12-19,90.67400360107422,90.44754524230957,0.7139027364031285,91.87535071511583,89.01973976950332,90.67400360107422,90.44754524230957,0.602900581359863,25.040984176181638,NEUTRAL
2023-12-20,91.14900207519531,90.46369552612305,0.72645806199621,91.91661165011547,89.01077940213062,91.14900207519531,90.46369552612305,0.6174358367919922,73.99490043995598,NEUTRAL
2023-12-21,90.95899963378906,90.46749534606934,0.7289611726276854,91.92541769132471,89.00957300081397,90.95899963378906,90.46749534606934,0.6208556747436518,52.7770846713729,NEUTRAL
2023-12-22,91.31700134277344,90.49319534301758,0.7501645349195295,91.99352441285663,88.99286627317852,91.31700134277344,90.49319534301758,0.6439856719970706,85.28202159127227,NEUTRAL
2023-12-25,90.67019653320312,90.47180519104003,0.7380122753421156,91.94782974172426,88.9957806403558,90.67019653320312,90.47180519104003,0.6247345352172857,21.170735299497,NEUTRAL
2023-12-26,90.67019653320312,90.44551506042481,0.7200021591400185,91.88551937870484,89.00551074214478,90.67019653320312,90.44551506042481,0.6010734176635737,24.920025427362013,NEUTRAL
2023-12-27,90.67019653320312,90.400874710083,0.6732288700819992,91.747332450247,89.054416969919,90.67019653320312,90.400874710083,0.5608971023559576,32.01084144059937,NEUTRAL
2023-12-28,92.41500091552734,90.46092491149902,0.7925615128526586,92.04604793720434,88.8758018857937,92.41500091552734,90.46092491149902,0.6149422836303714,211.84383814496604,SELL
2023-12-29,91.89700317382812,90.52322502136231,0.8548156795071888,92.23285638037669,88.81359366234793,91.89700317382812,90.52322502136231,0.671012382507324,136.4881074506672,NEUTRAL
2024-01-01,91.79000091552734,90.62537498474121,0.8789046176898501,92.38318422012091,88.86756574936152,91.79000091552734,90.62537498474121,0.6819475936889645,113.85292570514976,NEUTRAL
2024-01-02,91.14199829101562,90.66737480163575,0.8827004929121641,92.43277578746007,88.90197381581142,91.14199829101562,90.66737480163575,0.6832101440429682,46.31307985478137,NEUTRAL
2024-01-03,91.05799865722656,90.72717475891113,0.8656144755303301,92.45840370997179,88.99594580785048,91.05799865722656,90.72717475891113,0.6669431686401367,33.06867450090367,NEUTRAL
2024-01-04,90.9800033569336,90.79282493591309,0.8300359048098256,92.45289674553274,89.13275312629344,90.9800033569336,90.79282493591309,0.6265758514404297,19.91548409131974,NEUTRAL
2024-01-05,91.03600311279297,90.85102500915528,0.8024209287079525,92.45586686657118,89.24618315173937,91.03600311279297,90.85102500915528,0.5868735885620111,21.01282766202205,NEUTRAL
2024-01-08,89.75569915771484,90.8933349609375,0.7118591220403606,92.31705320501821,89.46961671685678,89.75569915771484,90.8933349609375,0.540332641601563,-140.36240094011498,NEUTRAL
2024-01-09,90.85800170898438,90.95473518371583,0.6471781383057841,92.24909146032739,89.66037890710426,90.85800170898438,90.95473518371583,0.4727923965454096,-13.640021207089523,NEUTRAL
2024-01-10,90.8030014038086,90.99648513793946,0.6057822924938107,92.20804972292709,89.78492055295183,90.8030014038086,90.99648513793946,0.43226417541503964,-29.840353058033106,NEUTRAL
2024-01-11,91.04100036621094,91.02068519592285,0.5969039593738223,92.21449311467049,89.82687727717521,91.04100036621094,91.02068519592285,0.41251564025878906,3.2831353619047183,NEUTRAL
2024-01-12,91.14399719238281,91.00353507995605,0.5876566611017544,92.17884840215956,89.82822175775254,91.14399719238281,91.00353507995605,0.3953655242919922,23.68476827922645,NEUTRAL
2024-01-15,90.66300201416016,91.03461532592773,0.549277051553065,92.13316942903386,89.9360612228216,90.66300201416016,91.03461532592773,0.3642852783203125,-68.00774628812007,NEUTRAL
2024-01-16,90.64800262451172,91.0333152770996,0.5502054673698098,92.13372621183922,89.93290434235999,90.64800262451172,91.0333152770996,0.3655853271484375,-70.26406221739813,NEUTRAL
2024-01-17,90.31300354003906,90.9915153503418,0.5722676938886145,92.13605073811902,89.84697996256457,90.31300354003906,90.9915153503418,0.39163658142089874,-115.5002439321041,NEUTRAL
2024-01-18,90.44200134277344,90.96566543579101,0.5853411046447708,92.13634764508055,89.79498322650147,90.44200134277344,90.96566543579101,0.4163352966308594,-83.85294212865732,NEUTRAL
2024-01-19,90.38600158691406,90.91911544799805,0.5929007726441026,92.10491699328625,89.73331390270985,90.38600158691406,90.91911544799805,0.42309669494628965,-84.00189483110421,NEUTRAL
2024-01-22,89.43720245361328,90.85746574401855,0.678123842695336,92.21371342940922,89.50121805862788,89.43720245361328,90.85746574401855,0.4786350250244141,-197.82133444062507,BUY
2024-01-23,90.30599975585938,90.83925590515136,0.6882319066293753,92.21571971841011,89.46279209189261,90.30599975585938,90.83925590515136,0.49684486389160154,-71.5523346147647,NEUTRAL
2024-01-24,90.28299713134766,90.8198959350586,0.698605625216611,92.21710718549181,89.42268468462538,90.28299713134766,90.8198959350586,0.516204833984375,-69.3392452458374,NEUTRAL
2024-01-25,90.34600067138672,90.71644592285156,0.5955592371351456,91.90756439712186,89.52532744858127,90.34600067138672,90.71644592285156,0.45845489501953124,-53.86865832592785,NEUTRAL
2024-01-26,90.0999984741211,90.62659568786621,0.54114673724937,91.70888916236495,89.54430221336747,90.0999984741211,90.62659568786621,0.42704570770263645,-82.20778310875082,NEUTRAL
2024-01-29,90.1240005493164,90.54329566955566,0.47706715416124895,91.49742997787816,89.58916136123317,90.1240005493164,90.54329566955566,0.39400520324707033,-70.94578392768517,NEUTRAL
2024-01-30,90.0250015258789,90.48744583129883,0.4685963487834735,91.42463852886577,89.55025313373189,90.0250015258789,90.48744583129883,0.3843997955322266,-80.20196867857983,NEUTRAL
2024-01-31,90.04900360107422,90.4369960784912,0.45813499129186236,91.35326606107493,89.52072609590748,90.04900360107422,90.4369960784912,0.368204841613769,-70.2493890296666,NEUTRAL
2024-02-01,89.61799621582031,90.36889572143555,0.4741205949558808,91.3171369113473,89.4206545315238,89.61799621582031,90.36889572143555,0.37009498596191437,-135.26248379427483,NEUTRAL
2024-02-02,90.08399963378906,90.32129554748535,0.4508374903044154,91.22297052809418,89.41962056687652,90.08399963378906,90.32129554748535,0.34393489837646457,-45.99628492028292,NEUTRAL
2024-02-05,89.21820068359375,90.2944206237793,0.4997003408756766,91.29382130553066,89.29501994202795,89.21820068359375,90.2944206237793,0.37113853454589785,-193.31863801250543,BUY
2024-02-06,89.12100219726562,90.20757064819335,0.5454470393341357,91.29846472686162,89.11667656952508,89.12100219726562,90.20757064819335,0.4091730499267584,-177.0348676225904,NEUTRAL
2024-02-07,89.26100158691406,90.13047065734864,0.5654669245724155,91.26140450649346,88.99953680820381,89.26100158691406,90.13047065734864,0.4267299652099609,-135.83439041389673,NEUTRAL
2024-02-08,89.4010009765625,90.04847068786621,0.5450198343800269,91.13851035662627,88.95843101910616,89.4010009765625,90.04847068786621,0.42578891754150305,-101.37569495579974,NEUTRAL
2024-02-09,89.27799987792969,89.95517082214356,0.5059246576669612,90.96702013747748,88.94332150680964,89.27799987792969,89.95517082214356,0.4351791763305656,-103.73825787097337,NEUTRAL
2024-02-12,89.44400024414062,89.89422073364258,0.48931786693484325,90.87285646751226,88.9155849997729,89.44400024414062,89.89422073364258,0.437536163330077,-68.5993566147526,NEUTRAL
2024-02-13,89.30999755859375,89.82732048034669,0.47199599823081434,90.77131247680832,88.88332848388505,89.30999755859375,89.82732048034669,0.43574825286865176,-79.14706382982298,NEUTRAL
2024-02-14,88.86199951171875,89.75477027893066,0.5038541000215719,90.7624784789738,88.74706207888752,88.86199951171875,89.75477027893066,0.4597301483154297,-129.4630151308338,NEUTRAL
2024-02-15,89.03600311279297,89.68447036743164,0.5009994369643809,90.6864692413604,88.68247149350289,89.03600311279297,89.68447036743164,0.4542769622802737,-95.1647428745744,NEUTRAL
2024-02-16,89.35700225830078,89.63302040100098,0.4774469168955715,90.58791423479212,88.67812656720983,89.35700225830078,89.63302040100098,0.4252838134765625,-43.26806929923386,NEUTRAL
2024-02-19,89.37799835205078,89.63006019592285,0.47890620613722046,90.58787260819729,88.67224778364842,89.37799835205078,89.63006019592285,0.4276519775390625,-39.2939207752635,NEUTRAL
2024-02-20,89.40299987792969,89.58491020202636,0.4537309422763642,90.4923720865791,88.67744831747363,89.40299987792969,89.58491020202636,0.3949716186523432,-30.704370559984564,NEUTRAL
2024-02-21,89.47799682617188,89.54466018676757,0.4232249262683124,90.3911100393042,88.69821033423095,89.47799682617188,89.54466018676757,0.35333793640136546,-12.577828706920553,NEUTRAL
2024-02-22,89.67500305175781,89.51111030578613,0.38082999563752634,90.27277029706119,88.74945031451108,89.67500305175781,89.51111030578613,0.3097230911254883,35.277263393809285,NEUTRAL
2024-02-23,89.61100006103516,89.48666038513184,0.3559147548713106,90.19848989487446,88.77483087538923,89.61100006103516,89.48666038513184,0.27793819427490407,29.82429870249794,NEUTRAL
2024-02-26,89.61100006103516,89.46101036071778,0.3246804369837339,90.11037123468525,88.81164948675031,89.61100006103516,89.46101036071778,0.24629180908203238,40.59945554730705,NEUTRAL
2024-02-27,89.81300354003906,89.45041046142578,0.3083484310464962,90.06710732351877,88.83371359933278,89.81300354003906,89.45041046142578,0.2335719299316395,103.49219580720698,NEUTRAL
2024-02-28,89.8239974975586,89.43916015625,0.2888469347932088,90.01685402583641,88.86146628666359,89.8239974975586,89.43916015625,0.22055557250976535,116.32362067283745,NEUTRAL
2024-02-29,89.77799987792969,89.44716033935546,0.2961834820050556,90.03952730336557,88.85479337534535,89.77799987792969,89.44716033935546,0.2296717834472645,96.03255962588001,NEUTRAL
2024-03-01,89.5270004272461,89.41931037902832,0.256706487332713,89.93272335369375,88.90589740436289,89.5270004272461,89.41931037902832,0.1987208175659177,36.12775267226492,NEUTRAL
2024-03-04,89.70899963378906,89.44385032653808,0.25990856351556557,89.96366745356922,88.92403319950695,89.70899963378906,89.44385032653808,0.20314979553222656,87.012740707359,NEUTRAL
2024-03-05,89.93099975585938,89.48435020446777,0.2698708868731994,90.02409197821417,88.94460843072137,89.93099975585938,89.48435020446777,0.2119852066040039,140.46563548683824,NEUTRAL
2024-03-06,89.927001953125,89.51765022277831,0.2816916714283073,90.08103356563493,88.9542668799217,89.927001953125,89.51765022277831,0.22295036315917968,122.40444451288646,NEUTRAL
2024-03-07,90.2760009765625,89.56140022277832,0.3269364437198777,90.21527311021808,88.90752733533856,90.2760009765625,89.56140022277832,0.2541004180908203,187.48513131234355,SELL
2024-03-08,90.5979995727539,89.62740020751953,0.39322979913348466,90.4138598057865,88.84094060925256,90.5979995727539,89.62740020751953,0.2884403991699216,224.33273749160065,SELL
2024-03-11,90.4260025024414,89.67650032043457,0.42882197758427587,90.53414427560313,88.81885636526602,90.4260025024414,89.67650032043457,0.3193502426147461,156.46398676473663,NEUTRAL
2024-03-12,90.4010009765625,89.73105049133301,0.44867876119009764,90.6284080137132,88.83369296895282,90.4010009765625,89.73105049133301,0.33945522308349607,131.57365874726946,NEUTRAL
2024-03-13,90.37999725341797,89.80695037841797,0.42150147791341125,90.64995333424478,88.96394742259115,90.37999725341797,89.80695037841797,0.3313450622558591,115.2971006717474,NEUTRAL
2024-03-14,90.65599822998047,89.88795013427735,0.4212081483606974,90.73036643099874,89.04553383755595,90.65599822998047,89.88795013427735,0.3491400146484381,146.65522206547004,NEUTRAL
2024-03-15,90.1709976196289,89.92864990234375,0.40626609054516866,90.74118208343408,89.11611772125342,90.1709976196289,89.92864990234375,0.34097976684570314,47.38261931238892,NEUTRAL
2024-03-18,89.3010025024414,89.92480010986328,0.4120818966209399,90.74896390310516,89.1006363166214,89.3010025024414,89.92480010986328,0.3442797851562503,-120.79276493850669,NEUTRAL
2024-03-19,89.98200225830078,89.95375022888183,0.3934097045365871,90.740569637955,89.16693081980866,89.98200225830078,89.95375022888183,0.32599975585937385,5.777515455387446,NEUTRAL
2024-03-20,90.12899780273438,89.98630027770996,0.37862862065650027,90.74355751902296,89.22904303639696,90.12899780273438,89.98630027770996,0.3146592712402338,30.233237042292902,NEUTRAL
2024-03-21,90.71299743652344,90.03819999694824,0.4040026182709967,90.84620523349022,89.23019476040625,90.71299743652344,90.03819999694824,0.3406192398071283,132.0726803252604,NEUTRAL
2024-03-22,90.34100341796875,90.07470016479492,0.3962780175920856,90.8672561999791,89.28214412961074,90.34100341796875,90.07470016479492,0.3343994140625,53.09085322820139,NEUTRAL
2024-03-25,90.25299835205078,90.1068000793457,0.38250238694653943,90.87180485323879,89.34179530545262,90.25299835205078,90.1068000793457,0.31691932678222656,30.754045872277423,NEUTRAL
2024-03-26,90.3280029296875,90.13255004882812,0.37900191086173884,90.8905538705516,89.37454622710464,90.3280029296875,90.13255004882812,0.3084948730468753,42.237953352670274,NEUTRAL
2024-03-27,90.10199737548828,90.14645004272461,0.3721255527122822,90.89070114814918,89.40219893730004,90.10199737548828,90.14645004272461,0.29320487976074217,-10.10730500633821,NEUTRAL
2024-03-28,90.06500244140625,90.16080017089844,0.3625807189185278,90.8859616087355,89.43563873306138,90.06500244140625,90.16080017089844,0.27741973876953097,-23.02112794066544,NEUTRAL
2024-03-29,89.86399841308594,90.17765007019042,0.3386149469112064,90.85487996401284,89.50042017636801,89.86399841308594,90.17765007019042,0.2595500946044922,-80.56290831061223,NEUTRAL
2024-03-31,89.86799621582031,90.18559989929199,0.32875601619423067,90.84311193168045,89.52808786690352,89.86799621582031,90.18559989929199,0.2516002655029297,-84.15563018499697,NEUTRAL
2024-04-01,88.91960144042969,90.13502998352051,0.4316622938482961,90.9983545712171,89.27170539582391,88.91960144042969,90.13502998352051,0.30576694488525363,-265.00107645643686,BUY
2024-04-02,89.66200256347656,90.12178001403808,0.4423193908867768,91.00641879581164,89.23714123226452,89.66200256347656,90.12178001403808,0.32106369018554803,-95.46962479538037,NEUTRAL
2024-04-03,90.11799621582031,90.11387977600097,0.44082842850351217,90.995536633008,89.23222291899394,90.11799621582031,90.11387977600097,0.3147434997558605,0.8719141825083286,NEUTRAL
2024-04-04,90.33100128173828,90.1005298614502,0.4292876431359943,90.95910514772218,89.24195457517821,90.33100128173828,90.1005298614502,0.3042103195190421,50.507035319612534,NEUTRAL
2024-04-07,89.23760223388672,90.04110984802246,0.4628041884959877,90.96671822501443,89.11550147103048,89.23760223388672,90.04110984802246,0.3453563308715829,-155.10697064833698,NEUTRAL
2024-04-08,90.36699676513672,90.03940963745117,0.4614730114092797,90.96235566026974,89.11646361463261,90.36699676513672,90.03940963745117,0.3441661834716797,63.45522278048039,NEUTRAL
2024-04-09,90.26899719238281,90.03385963439942,0.45781425419140803,90.94948814278223,89.11823112601661,90.26899719238281,90.03385963439942,0.3402811813354475,46.067305683412705,NEUTRAL
2024-04-10,89.52899932861328,89.97750968933106,0.4464246919186424,90.87035907316834,89.08466030549377,89.52899932861328,89.97750968933106,0.3461365127563468,-86.3840987950502,NEUTRAL
2024-04-11,89.30699920654297,89.93430976867675,0.4679983789336131,90.87030652654398,88.99831301080953,89.30699920654297,89.93430976867675,0.37862762451171933,-110.45338859303959,NEUTRAL
2024-04-14,88.88899993896484,89.91370964050293,0.5049509831352331,90.92361160677339,88.90380767423247,88.88899993896484,89.91370964050293,0.4033477783203125,-169.3674386580817,BUY
2024-04-15,88.64399719238281,89.84680938720703,0.5786794109940363,91.0041682091951,88.68945056521896,88.64399719238281,89.84680938720703,0.47394638061523436,-169.19103707650595,BUY
2024-04-16,88.77899932861328,89.77930946350098,0.6212038642756554,91.0217171920523,88.53690173494967,88.77899932861328,89.77930946350098,0.5267274475097651,-126.60692477889187,NEUTRAL
2024-04-17,89.10700225830078,89.69900970458984,0.5975059259958244,90.89402155658149,88.50399785259819,89.10700225830078,89.69900970458984,0.5216883850097659,-75.65275405776669,NEUTRAL
2024-04-18,88.86199951171875,89.62505950927735,0.6053407395238818,90.83574098832511,88.41437803022959,88.86199951171875,89.62505950927735,0.5351335144042964,-95.06163440451901,NEUTRAL
2024-04-21,87.87940216064453,89.50637969970703,0.700887604631585,90.90815490897019,88.10460449044386,87.87940216064453,89.50637969970703,0.5932814025878912,-182.82246636707018,BUY
2024-04-22,88.74500274658203,89.42722969055175,0.6925529014913736,90.8123354935345,88.042123887569,88.74500274658203,89.42722969055175,0.5902690887451172,-77.05264790561928,NEUTRAL
2024-04-23,89.05000305175781,89.37462997436523,0.6784120317422848,90.7314540378498,88.01780591088067,89.05000305175781,89.37462997436523,0.570132064819336,-37.95926624009942,NEUTRAL
2024-04-24,89.08999633789062,89.32587966918945,0.6609994478105361,90.64787856481053,88.00388077356837,89.08999633789062,89.32587966918945,0.5400950622558582,-29.116273261672326,NEUTRAL
2024-04-25,89.28500366210938,89.29692993164062,0.6487568050327565,90.59444354170613,87.99941632157511,89.28500366210938,89.29692993164062,0.5075549316406238,-1.5664996749144986,NEUTRAL
2024-04-28,89.09600067138672,89.25833015441894,0.6358284881333908,90.52998713068573,87.98667317815216,89.09600067138672,89.25833015441894,0.48013549804687444,-22.539398939474083,NEUTRAL
2024-04-29,89.34400177001953,89.27955017089843,0.6309923747211694,90.54153492034077,88.0175654214561,89.34400177001953,89.27955017089843,0.46960464477539005,9.14976741082936,NEUTRAL
2024-04-30,88.98300170898438,89.24560012817383,0.6275891721845982,90.50077847254303,87.99042178380463,88.98300170898438,89.24560012817383,0.4585194396972668,-38.180630445801384,NEUTRAL
2024-05-01,88.97799682617188,89.1886001586914,0.5951139596707482,90.3788280780329,87.9983722393499,88.97799682617188,89.1886001586914,0.4160800170898426,-33.74404343224375,NEUTRAL
2024-05-02,89.35399627685547,89.13974990844727,0.5332916890157148,90.2063332864787,88.07316653041585,89.35399627685547,89.13974990844727,0.35745971679687616,39.957205122862625,NEUTRAL
2024-05-05,88.65499877929688,89.11061973571778,0.5434799045452129,90.1975795448082,88.02365992662735,88.65499877929688,89.11061973571778,0.36806560516357506,-82.52531614455255,NEUTRAL
2024-05-06,89.78900146484375,89.08171997070312,0.4854218094252084,90.05256358955354,88.1108763518527,89.78900146484375,89.08171997070312,0.33527984619140627,140.63505499956878,NEUTRAL
2024-05-07,89.64900207519531,89.05072021484375,0.4211522050116888,89.89302462486712,88.20841580482038,89.64900207519531,89.05072021484375,0.30428009033203124,131.08139054792485,NEUTRAL
2024-05-08,89.62200164794922,89.05537033081055,0.42718130684946626,89.90973294450949,88.20100771711161,89.62200164794922,89.05537033081055,0.3089302062988281,122.27817277938166,NEUTRAL
2024-05-09,89.91300201416016,89.0856704711914,0.46572222083168774,90.01711491285478,88.15422602952803,89.91300201416016,89.0856704711914,0.3392303466796875,162.58992374286683,NEUTRAL
2024-05-12,89.00469970703125,89.09145545959473,0.4638655770086325,90.01918661361199,88.16372430557746,89.00469970703125,89.09145545959473,0.33359127044677733,-17.337734377218556,NEUTRAL
2024-05-13,90.0530014038086,89.16190567016602,0.4980668553562519,90.15803938087852,88.16577195945352,90.0530014038086,89.16190567016602,0.3713764953613293,159.96268742058908,NEUTRAL
2024-05-14,90.25700378417969,89.23580589294434,0.5456400881469133,90.32708606923816,88.14452571665052,90.25700378417969,89.23580589294434,0.4143761062622076,164.29484805431898,NEUTRAL
2024-05-15,90.72599792480469,89.31675567626954,0.6378320013584491,90.59241967898643,88.04109167355264,90.72599792480469,89.31675567626954,0.48562072753906305,193.46267139744248,SELL
2024-05-16,90.62799835205078,89.40505561828613,0.6915421427038148,90.78813990369376,88.0219713328785,90.62799835205078,89.40505561828613,0.5396563720703114,151.0767217878563,NEUTRAL
2024-05-19,89.31079864501953,89.47662544250488,0.5922837725366262,90.66119298757813,88.29205789743163,89.31079864501953,89.47662544250488,0.4824005126953125,-22.91689071926684,NEUTRAL
2024-05-20,90.39399719238281,89.55907516479492,0.5998044111543934,90.75868398710371,88.35946634248613,90.39399719238281,89.55907516479492,0.49993293762207003,111.33787017637451,NEUTRAL
2024-05-21,90.3550033569336,89.62432518005372,0.6123611456833131,90.84904747142035,88.39960288868708,90.3550033569336,89.62432518005372,0.5145080947875982,94.67660266602405,NEUTRAL
2024-05-22,90.052001953125,89.67242546081543,0.6059296751178236,90.88428481105107,88.46056611057979,90.052001953125,89.67242546081543,0.5115178298950198,49.470610814285656,NEUTRAL
2024-05-23,89.99299621582031,89.70782508850098,0.6027774285328945,90.91337994556677,88.50227023143519,89.99299621582031,89.70782508850098,0.508175277709961,37.41112431448512,NEUTRAL
2024-05-26,89.10479736328125,89.7082649230957,0.6023105244561808,90.91288597200806,88.50364387418334,89.10479736328125,89.7082649230957,0.5077354431152343,-79.23648269944734,NEUTRAL
2024-05-27,90.21099853515625,89.75161476135254,0.6059030085666249,90.9634207784858,88.53980874421929,90.21099853515625,89.75161476135254,0.5103239822387693,60.01204330216677,NEUTRAL
2024-05-28,90.15899658203125,89.81041450500489,0.5840555302766961,90.97852556555827,88.6423034444515,90.15899658203125,89.81041450500489,0.4826437759399411,48.148979213155194,NEUTRAL
2024-05-29,90.01599884033203,89.8623146057129,0.5513986858467729,90.96511197740644,88.75951723401936,90.01599884033203,89.8623146057129,0.4409220886230457,23.23679376842214,NEUTRAL
2024-05-30,90.15699768066406,89.90246467590332,0.5415853790299822,90.98563543396328,88.81929391784335,90.15699768066406,89.90246467590332,0.4181953048706063,40.57641677564984,NEUTRAL
2024-06-02,90.4280014038086,89.99111480712891,0.46655628117975384,90.92422736948842,89.0580022447694,90.4280014038086,89.99111480712891,0.35445007324218664,82.17172265070484,NEUTRAL
2024-06-03,90.53399658203125,90.02836456298829,0.4791407022674367,90.98664596752316,89.07008315845341,90.53399658203125,90.02836456298829,0.3613619995117176,93.28263988764492,NEUTRAL
2024-06-04,90.92400360107422,90.09211463928223,0.5098458169241986,91.11180627313063,89.07242300543383,90.92400360107422,90.09211463928223,0.37597339630126925,147.50847976229198,NEUTRAL
2024-06-05,90.46600341796875,90.1343147277832,0.5037795063049842,91.14187374039318,89.12675571517323,90.46600341796875,90.1343147277832,0.36272216796874945,60.96285614285383,NEUTRAL
2024-06-06,90.83699798583984,90.18051452636719,0.5243631749005079,91.2292408761682,89.13178817656618,90.83699798583984,90.18051452636719,0.37743423461914033,115.9554697231064,NEUTRAL
2024-06-09,89.84420013427734,90.2224895477295,0.4541914085975492,91.1308723649246,89.31410673053439,89.84420013427734,90.2224895477295,0.3324108123779297,-75.8678517396441,NEUTRAL
2024-06-10,89.87100219726562,90.21338958740235,0.45955744261992204,91.1325044726422,89.2942747021625,89.87100219726562,90.21338958740235,0.3415107727050781,-66.83779205063819,NEUTRAL
2024-06-11,89.71700286865234,90.18638954162597,0.4725399089373645,91.1314693595007,89.24130972375124,89.71700286865234,90.18638954162597,0.36391029357910154,-85.98944689677094,NEUTRAL
2024-06-12,90.24500274658203,90.16233978271484,0.4555664968364474,91.07347277638773,89.25120678904194,90.24500274658203,90.16233978271484,0.33986053466796873,16.215075584450517,NEUTRAL
2024-06-13,89.60900115966797,90.1113899230957,0.45772341639511094,91.02683675588592,89.19594309030548,89.60900115966797,90.1113899230957,0.34847099304199247,-96.11297610782604,NEUTRAL
2024-06-16,88.37229919433594,90.06446495056153,0.5767492796423529,91.21796350984623,88.91096639127683,88.37229919433594,90.06446495056153,0.40008846282958926,-281.96526742409304,BUY
2024-06-17,89.62999725341797,90.02626495361328,0.5790709794651515,91.18440691254358,88.86812299468298,89.62999725341797,90.02626495361328,0.4079089355468753,-64.76407937538666,NEUTRAL
2024-06-18,89.4540023803711,89.98121490478516,0.5871414320266379,91.15549776883844,88.80693204073188,89.4540023803711,89.98121490478516,0.42474166870117075,-82.75030263709012,NEUTRAL
2024-06-19,89.61100006103516,89.95916481018067,0.5925986595061957,91.14436212919306,88.77396749116828,89.61100006103516,89.95916481018067,0.4419180679321286,-52.52327288852151,NEUTRAL
2024-06-20,89.39700317382812,89.92936515808105,0.6056493257477763,91.14066380957661,88.7180665065855,89.39700317382812,89.92936515808105,0.46833457946777346,-75.78086373747567,NEUTRAL
2024-06-23,88.19149780273438,89.88370018005371,0.6984183673803208,91.28053691481435,88.48686344529307,88.19149780273438,89.88370018005371,0.5139995574951172,-219.48169055060046,BUY
2024-06-24,89.51799774169922,89.84905014038085,0.6985163848121051,91.24608291000506,88.45201737075665,89.51799774169922,89.84905014038085,0.5146499633789062,-42.883826838747964,NEUTRAL
2024-06-25,89.24800109863281,89.80350036621094,0.7068936930619376,91.21728775233481,88.38971298008707,89.24800109863281,89.80350036621094,0.5287200927734375,-70.04327055351328,NEUTRAL
2024-06-26,89.18000030517578,89.76170043945312,0.7182920978774959,91.19828463520811,88.32511624369813,89.18000030517578,89.76170043945312,0.5450901794433591,-71.14420771884846,NEUTRAL
2024-06-27,89.29299926757812,89.71850051879883,0.7192475394213222,91.15699559764148,88.28000543995618,89.29299926757812,89.71850051879883,0.5401203918457043,-52.519309601412154,NEUTRAL
2024-06-30,89.22899627685547,89.65855026245117,0.7068598338179091,91.07226993008699,88.24483059481535,89.22899627685547,89.65855026245117,0.5169807434082031,-55.39264805930194,NEUTRAL
2024-07-01,89.51000213623047,89.60735054016114,0.676546871785112,90.96044428373136,88.25425679659091,89.51000213623047,89.60735054016114,0.46807060241699217,-13.865202304664528,NEUTRAL
2024-07-02,89.64800262451172,89.54355049133301,0.601894644971534,90.74733978127608,88.33976120138993,89.64800262451172,89.54355049133301,0.4042705535888672,17.224790387105642,NEUTRAL
2024-07-03,90.01699829101562,89.52110023498535,0.573375014886539,90.66785026475843,88.37435020521228,90.01699829101562,89.52110023498535,0.3818202972412109,86.58489514802514,NEUTRAL
2024-07-04,90.18399810791016,89.48845024108887,0.50953774218052,90.50752572544991,88.46937475672783,90.18399810791016,89.48845024108887,0.35428024291992133,130.8846844122968,NEUTRAL
2024-07-07,89.40899658203125,89.46669006347656,0.5027937891768556,90.47227764183027,88.46110248512285,89.40899658203125,89.46669006347656,0.34264144897460935,-11.225238825788361,NEUTRAL
2024-07-08,90.3010025024414,89.48819007873536,0.5294781057757435,90.54714629028685,88.42923386718387,90.3010025024414,89.48819007873536,0.361991462707519,149.69274277476234,NEUTRAL
2024-07-09,90.22000122070312,89.51333999633789,0.5523698281039381,90.61807965254577,88.40860034013001,90.22000122070312,89.51333999633789,0.3849601745605469,122.37823911212408,NEUTRAL
2024-07-10,90.37100219726562,89.51963996887207,0.561792075730528,90.64322412033313,88.39605581741101,90.37100219726562,89.51963996887207,0.39142436981201173,145.00242261400945,NEUTRAL
2024-07-11,90.74299621582031,89.57633972167969,0.6249595454645067,90.8262588126087,88.32642063075068,90.74299621582031,89.57633972167969,0.4537940979003906,171.39292901611813,NEUTRAL
2024-07-14,89.96119689941406,89.6557846069336,0.5616276110220563,90.7790398289777,88.53252938488949,89.96119689941406,89.6557846069336,0.4206703186035156,48.40089399767735,NEUTRAL
2024-07-15,91.00299835205078,89.72443466186523,0.6371461528761948,90.99872696761761,88.45014235611285,91.00299835205078,89.72443466186523,0.5004716491699213,170.31450130507446,SELL
2024-07-16,90.9990005493164,89.8016845703125,0.6937761961996528,91.1892369627118,88.4141321779132,90.9990005493164,89.8016845703125,0.5584033203125003,142.9451838184925,NEUTRAL
2024-07-17,91.35099792480469,89.88868446350098,0.7731621487823691,91.43500876106572,88.34236016593624,91.35099792480469,89.88868446350098,0.6263347625732422,155.64769818362734,NEUTRAL
2024-07-18,91.11799621582031,89.97473411560058,0.8104313503552081,91.595596816311,88.35387141489016,91.11799621582031,89.97473411560058,0.6559650421142578,116.19136456162889,NEUTRAL
2024-07-21,90.05840301513672,90.06807937622071,0.6932753111044796,91.45462999842967,88.68152875401175,90.05840301513672,90.06807937622071,0.567727890014649,-1.1362674800352428,NEUTRAL
2024-07-22,91.052001953125,90.144779586792,0.7137682754384091,91.57231613766882,88.71724303591517,91.052001953125,90.144779586792,0.589419937133789,102.61188548011138,NEUTRAL
2024-07-23,90.73799896240234,90.21927947998047,0.6926885363148036,91.60465655261008,88.83390240735086,90.73799896240234,90.21927947998047,0.5703201293945312,60.634890907388005,NEUTRAL
2024-07-24,90.68399810791016,90.29447937011719,0.6545103629483124,91.60350009601382,88.98545864422056,90.68399810791016,90.29447937011719,0.5415199279785157,47.95375850673188,NEUTRAL
2024-07-25,90.77400207519531,90.36852951049805,0.6180020291238824,91.60453356874581,89.13252545225029,90.77400207519531,90.36852951049805,0.5147697448730468,52.51183579139329,NEUTRAL
2024-07-28,89.8906021118164,90.4016098022461,0.5696072583167597,91.54082431887961,89.26239528561258,89.8906021118164,90.4016098022461,0.48475021362304743,-70.27780164831643,NEUTRAL
2024-07-29,90.53600311279297,90.45290985107422,0.5298986783707522,91.51270720781572,89.39311249433273,90.53600311279297,90.45290985107422,0.44688949584960935,12.395795454350607,NEUTRAL
2024-07-30,90.5739974975586,90.49920959472657,0.4951859207969869,91.48958143632053,89.5088377531326,90.5739974975586,90.49920959472657,0.4080685424804685,12.218192949878105,NEUTRAL
2024-07-31,90.48799896240234,90.5227596282959,0.4820722091676558,91.48690404663121,89.55861520996059,90.48799896240234,90.5227596282959,0.3821635055541989,-6.063838363834861,NEUTRAL
2024-08-01,90.2770004272461,90.5274097442627,0.47907171355381606,91.48555317137033,89.56926631715507,90.2770004272461,90.5274097442627,0.3770483779907224,-44.27536476018045,NEUTRAL
2024-08-04,91.33599853515625,90.62375984191894,0.43395278864966175,91.49166541921826,89.75585426461961,91.33599853515625,90.62375984191894,0.35603904724121094,133.36340470820693,NEUTRAL
2024-08-05,91.9020004272461,90.70380973815918,0.5119391621333059,91.7276880624258,89.67993141389256,91.9020004272461,90.70380973815918,0.39778938293457033,200.80822339494102,SELL
2024-08-06,91.62699890136719,90.77415962219239,0.5379678054650886,91.85009523312256,89.69822401126221,91.62699890136719,90.77415962219239,0.4194715881347662,135.54184253051324,NEUTRAL
2024-08-07,91.625,90.8368595123291,0.5610866219546411,91.95903275623839,89.71468626841981,91.625,90.8368595123291,0.4481257247924802,117.24990615611671,NEUTRAL
2024-08-08,91.60600280761719,90.88000984191895,0.5861146744619902,92.05223919084293,89.70778049299497,91.60600280761719,90.88000984191895,0.4818897247314453,100.43694348021657,NEUTRAL
2024-08-11,91.55799865722656,90.95984992980956,0.5626553885234243,92.08516070685641,89.83453915276272,91.55799865722656,90.95984992980956,0.4618645095825201,86.33826804281703,NEUTRAL
2024-08-12,91.67400360107422,90.99340019226074,0.5849283319159998,92.16325685609273,89.82354352842874,91.67400360107422,90.99340019226074,0.4920597457885748,92.21148646258358,NEUTRAL
2024-08-13,92.15899658203125,91.05139999389648,0.6403940380789456,92.33218807005437,89.77061191773859,92.15899658203125,91.05139999389648,0.5442595672607424,135.67014157225267,NEUTRAL
2024-08-14,92.39700317382812,91.10370025634765,0.7055482603032827,92.51479677695421,89.69260373574109,92.39700317382812,91.10370025634765,0.5964996337890625,144.5435832894207,NEUTRAL
2024-08-15,92.09500122070312,91.1525505065918,0.7395914552614611,92.63173341711472,89.67336759606887,92.09500122070312,91.1525505065918,0.6453498840332031,97.35811404312497,NEUTRAL
2024-08-18,92.40499877929688,91.2698802947998,0.7430044716145765,92.75588923802896,89.78387135157065,92.40499877929688,91.2698802947998,0.6415319442749023,117.95915434681889,NEUTRAL
2024-08-19,92.9800033569336,91.36628036499023,0.8328848943396051,93.03205015366945,89.70051057631102,92.9800033569336,91.36628036499023,0.6998923492431643,153.71154280020139,NEUTRAL
2024-08-20,93.20800018310547,91.48978042602539,0.913996336605875,93.31777309923714,89.66178775281364,93.20800018310547,91.48978042602539,0.7358642578125,155.66455713701163,NEUTRAL
2024-08-21,93.48100280761719,91.62963066101074,0.994641337830578,93.6189133366719,89.64034798534958,93.48100280761719,91.62963066101074,0.7634334182739252,161.67069297649965,NEUTRAL
2024-08-22,93.23799896240234,91.7528305053711,1.0348684307565934,93.82256736688429,89.6830936438579,93.23799896240234,91.7528305053711,0.8089530944824219,122.39427865975172,NEUTRAL
2024-08-25,92.28009796142578,91.87230529785157,0.9423579767416665,93.7570212513349,89.98758934436823,92.28009796142578,91.87230529785157,0.7422050476074219,36.628931127929924,NEUTRAL
2024-08-26,93.572998046875,92.02415504455567,0.9602142840766401,93.94458361270895,90.10372647640239,93.572998046875,92.02415504455567,0.7574550628662109,136.3199022842364,NEUTRAL
2024-08-27,93.72200012207031,92.18155517578126,0.9679724584349572,94.11750009265117,90.24561025891134,93.72200012207031,92.18155517578126,0.7650106811523443,134.24169398250902,NEUTRAL
2024-08-28,93.29900360107422,92.32210540771484,0.9115606601886552,94.14522672809215,90.49898408733753,93.29900360107422,92.32210540771484,0.7404060363769531,87.96058246991562,NEUTRAL
2024-08-29,92.87799835205078,92.45215530395508,0.7805604255597703,94.01327615507462,90.89103445283554,92.87799835205078,92.45215530395508,0.6761763000488287,41.98540608072667,NEUTRAL
2024-09-01,92.58799743652344,92.51475524902344,0.7352224536633806,93.9852001563502,91.04431034169667,92.58799743652344,92.51475524902344,0.6334205627441406,7.708642231073778,NEUTRAL
2024-09-02,92.8010025024414,92.5597053527832,0.7231709360777236,94.00604722493864,91.11336348062775,92.8010025024414,92.5597053527832,0.6170951843261718,26.06806381327701,NEUTRAL
2024-09-03,92.6780014038086,92.61225547790528,0.6892165716892873,93.99068862128385,91.2338223345267,92.6780014038086,92.61225547790528,0.5735454559326172,7.6420476904668995,NEUTRAL
2024-09-04,92.97200012207031,92.67960548400879,0.652500959266907,93.98460740254261,91.37460356547497,92.97200012207031,92.67960548400879,0.5355953216552735,36.39497038645633,NEUTRAL
2024-09-05,93.23999786376953,92.76130523681641,0.6120419858062289,93.98538920842887,91.53722126520395,93.23999786376953,92.76130523681641,0.5017648315429681,63.60119281126182,NEUTRAL
2024-09-08,93.02100372314453,92.8344554901123,0.544338799470716,93.92313308905374,91.74577789117087,93.02100372314453,92.8344554901123,0.443299674987793,28.05449579713219,NEUTRAL
2024-09-09,92.57499694824219,92.8795051574707,0.47627228729011784,93.83204973205093,91.92696058289047,92.57499694824219,92.8795051574707,0.39389572143554685,-51.53787202337718,NEUTRAL
2024-09-10,92.46700286865234,92.89490547180176,0.45630972160188527,93.80752491500553,91.982286028598,92.46700286865234,92.89490547180176,0.3784954071044922,-75.36905250236191,NEUTRAL
2024-09-11,92.40299987792969,92.89520530700683,0.4559671788437375,93.8071396646943,91.98327094931936,92.40299987792969,92.89520530700683,0.37819557189941405,-86.76382726272884,NEUTRAL
2024-09-12,92.92400360107422,92.9366554260254,0.4152586898322525,93.7671728056899,92.1061380463609,92.92400360107422,92.9366554260254,0.3367454528808594,-2.50472571946973,NEUTRAL
2024-09-15,92.04499816894531,92.91865539550781,0.44616905353198855,93.81099350257179,92.02631728844383,92.04499816894531,92.91865539550781,0.35528030395507815,-163.93764150666527,NEUTRAL
2024-09-16,93.26399993896484,92.93285522460937,0.4526957989095769,93.83824682242852,92.02746362679022,93.26399993896484,92.93285522460937,0.3689453125,59.836278013059086,NEUTRAL
2024-09-17,93.10399627685547,92.92765502929687,0.44995788759730304,93.82757080449147,92.02773925410227,93.10399627685547,92.92765502929687,0.3637451171875,32.31956283419521,NEUTRAL
2024-09-18,92.9280014038086,92.90000495910644,0.43074572669059397,93.76149641248763,92.03851350572525,92.9280014038086,92.90000495910644,0.3384949111938482,5.513907551010164,NEUTRAL
2024-09-19,93.20800018310547,92.8985050201416,0.4295574133298621,93.75761984680132,92.03939019348188,93.20800018310547,92.8985050201416,0.33714496612548855,61.19922566655852,NEUTRAL
2024-09-22,93.11000061035156,92.94000015258788,0.40612015526004325,93.75224046310797,92.1277598420678,93.11000061035156,92.94000015258788,0.31129989624023435,36.40657766928945,NEUTRAL
2024-09-23,92.75399780273438,92.89905014038087,0.3793422631514357,93.65773466668374,92.140365614078,92.75399780273438,92.89905014038087,0.2902455902099604,-33.31714992156834,NEUTRAL
2024-09-24,93.43800354003906,92.8848503112793,0.35118610236217185,93.58722251600364,92.18247810655495,93.43800354003906,92.8848503112793,0.27746574401855495,132.906071153965,NEUTRAL
2024-09-25,93.0009994506836,92.86995010375976,0.3387926895072974,93.54753548277436,92.19236472474516,93.0009994506836,92.86995010375976,0.26486038208007867,32.9857680474611,NEUTRAL
2024-09-26,93.36799621582031,92.89444999694824,0.3566517911826032,93.60775357931344,92.18114641458304,93.36799621582031,92.89444999694824,0.2844602966308599,110.98121002725556,NEUTRAL
2024-09-29,93.36900329589844,92.93350028991699,0.36401262680935537,93.6615255435357,92.20547503629828,93.36900329589844,92.93350028991699,0.2826498031616211,102.71910118930734,NEUTRAL
